martin,123,martin@mail.com
juan,4123,juan@mail.com
sapo,4123,sapo@mail.com
pepe,4331,pepe@mail.com
sanchez,234234,sanchez@mail.com
asda,234234,asda@mail.com